Date,"Weekly Cushing, OK WTI Spot Price FOB  (Dollars per Barrel)"
"Jan 03, 1986",25.78
"Jan 10, 1986",25.99
"Jan 17, 1986",24.57
"Jan 24, 1986",20.31
"Jan 31, 1986",19.69
"Feb 07, 1986",16.72
"Feb 14, 1986",16.25
"Feb 21, 1986",14.39
"Feb 28, 1986",14.25
"Mar 07, 1986",12.27
"Mar 14, 1986",13.07
"Mar 21, 1986",13.45
"Mar 28, 1986",12
"Apr 04, 1986",11.44
"Apr 11, 1986",13.46
"Apr 18, 1986",12.16
"Apr 25, 1986",13.44
"May 02, 1986",13.76
"May 09, 1986",15.08
"May 16, 1986",15.74
"May 23, 1986",16.37
"May 30, 1986",14.64
"Jun 06, 1986",13.25
"Jun 13, 1986",13.21
"Jun 20, 1986",13.82
"Jun 27, 1986",13.56
"Jul 04, 1986",12.23
"Jul 11, 1986",11.13
"Jul 18, 1986",12.17
"Jul 25, 1986",11.31
"Aug 01, 1986",11.45
"Aug 08, 1986",14.63
"Aug 15, 1986",15.39
"Aug 22, 1986",15.3
"Aug 29, 1986",15.77
"Sep 05, 1986",16.07
"Sep 12, 1986",15.13
"Sep 19, 1986",14.23
"Sep 26, 1986",14.3
"Oct 03, 1986",15.02
"Oct 10, 1986",15.16
"Oct 17, 1986",14.69
"Oct 24, 1986",15.01
"Oct 31, 1986",14.53
"Nov 07, 1986",14.98
"Nov 14, 1986",15.45
"Nov 21, 1986",15.4
"Nov 28, 1986",15.01
"Dec 05, 1986",15.2
"Dec 12, 1986",15.34
"Dec 19, 1986",16.23
"Dec 26, 1986",17.05
"Jan 02, 1987",17.86
"Jan 09, 1987",18.38
"Jan 16, 1987",19.04
"Jan 23, 1987",18.68
"Jan 30, 1987",18.62
"Feb 06, 1987",18.45
"Feb 13, 1987",18.14
"Feb 20, 1987",17.63
"Feb 27, 1987",16.75
"Mar 06, 1987",17.47
"Mar 13, 1987",18.31
"Mar 20, 1987",18.72
"Mar 27, 1987",18.59
"Apr 03, 1987",18.77
"Apr 10, 1987",18.6
"Apr 17, 1987",18.3
"Apr 24, 1987",18.94
"May 01, 1987",18.76
"May 08, 1987",19.14
"May 15, 1987",19.52
"May 22, 1987",19.85
"May 29, 1987",19.34
"Jun 05, 1987",19.73
"Jun 12, 1987",19.88
"Jun 19, 1987",20.38
"Jun 26, 1987",20.21
"Jul 03, 1987",20.46
"Jul 10, 1987",21.06
"Jul 17, 1987",22.03
"Jul 24, 1987",21.5
"Jul 31, 1987",21.25
"Aug 07, 1987",21.52
"Aug 14, 1987",20.8
"Aug 21, 1987",19.61
"Aug 28, 1987",19.42
"Sep 04, 1987",19.56
"Sep 11, 1987",19.38
"Sep 18, 1987",19.63
"Sep 25, 1987",19.57
"Oct 02, 1987",19.64
"Oct 09, 1987",19.65
"Oct 16, 1987",19.82
"Oct 23, 1987",19.98
"Oct 30, 1987",20.03
"Nov 06, 1987",19.17
"Nov 13, 1987",18.88
"Nov 20, 1987",18.6
"Nov 27, 1987",18.83
"Dec 04, 1987",18.62
"Dec 11, 1987",18.34
"Dec 18, 1987",16.35
"Dec 25, 1987",16.23
"Jan 01, 1988",16.78
"Jan 08, 1988",17.6
"Jan 15, 1988",16.79
"Jan 22, 1988",17.2
"Jan 29, 1988",16.92
"Feb 05, 1988",17.08
"Feb 12, 1988",17.24
"Feb 19, 1988",16.7
"Feb 26, 1988",16.33
"Mar 04, 1988",15.64
"Mar 11, 1988",15.74
"Mar 18, 1988",16.08
"Mar 25, 1988",16.58
"Apr 01, 1988",17.07
"Apr 08, 1988",16.89
"Apr 15, 1988",18.15
"Apr 22, 1988",18.16
"Apr 29, 1988",18.25
"May 06, 1988",17.34
"May 13, 1988",17.51
"May 20, 1988",17.53
"May 27, 1988",17.29
"Jun 03, 1988",17.55
"Jun 10, 1988",17.15
"Jun 17, 1988",16.58
"Jun 24, 1988",15.95
"Jul 01, 1988",15.47
"Jul 08, 1988",15.45
"Jul 15, 1988",14.64
"Jul 22, 1988",15.86
"Jul 29, 1988",16.14
"Aug 05, 1988",15.45
"Aug 12, 1988",15.67
"Aug 19, 1988",15.58
"Aug 26, 1988",15.54
"Sep 02, 1988",15.13
"Sep 09, 1988",14.4
"Sep 16, 1988",14.75
"Sep 23, 1988",14.9
"Sep 30, 1988",13.94
"Oct 07, 1988",12.85
"Oct 14, 1988",14.08
"Oct 21, 1988",14.76
"Oct 28, 1988",13.44
"Nov 04, 1988",13.75
"Nov 11, 1988",13.93
"Nov 18, 1988",13.75
"Nov 25, 1988",14.43
"Dec 02, 1988",15.33
"Dec 09, 1988",15.61
"Dec 16, 1988",16.31
"Dec 23, 1988",17.04
"Dec 30, 1988",16.99
"Jan 06, 1989",17.35
"Jan 13, 1989",18.06
"Jan 20, 1989",19.05
"Jan 27, 1989",17.85
"Feb 03, 1989",17.41
"Feb 10, 1989",17.39
"Feb 17, 1989",18.08
"Feb 24, 1989",18.46
"Mar 03, 1989",18.4
"Mar 10, 1989",18.5
"Mar 17, 1989",19.71
"Mar 24, 1989",20
"Mar 31, 1989",20.4
"Apr 07, 1989",20.11
"Apr 14, 1989",20.56
"Apr 21, 1989",22.73
"Apr 28, 1989",20.87
"May 05, 1989",20.23
"May 12, 1989",19.75
"May 19, 1989",20.42
"May 26, 1989",20.28
"Jun 02, 1989",19.89
"Jun 09, 1989",20.08
"Jun 16, 1989",19.94
"Jun 23, 1989",19.95
"Jun 30, 1989",20.25
"Jul 07, 1989",20.59
"Jul 14, 1989",20.42
"Jul 21, 1989",20.06
"Jul 28, 1989",18.34
"Aug 04, 1989",18.15
"Aug 11, 1989",18.25
"Aug 18, 1989",18.77
"Aug 25, 1989",18.96
"Sep 01, 1989",18.77
"Sep 08, 1989",19.31
"Sep 15, 1989",19.8
"Sep 22, 1989",19.63
"Sep 29, 1989",19.77
"Oct 06, 1989",20.03
"Oct 13, 1989",20.37
"Oct 20, 1989",20.46
"Oct 27, 1989",19.65
"Nov 03, 1989",19.99
"Nov 10, 1989",19.89
"Nov 17, 1989",19.74
"Nov 24, 1989",20.02
"Dec 01, 1989",19.7
"Dec 08, 1989",20.36
"Dec 15, 1989",20.81
"Dec 22, 1989",21.76
"Dec 29, 1989",21.78
"Jan 05, 1990",23.29
"Jan 12, 1990",22.62
"Jan 19, 1990",22.71
"Jan 26, 1990",23.08
"Feb 02, 1990",22.7
"Feb 09, 1990",22.23
"Feb 16, 1990",22.27
"Feb 23, 1990",21.81
"Mar 02, 1990",21.51
"Mar 09, 1990",21.01
"Mar 16, 1990",20.19
"Mar 23, 1990",19.73
"Mar 30, 1990",20.26
"Apr 06, 1990",19.83
"Apr 13, 1990",17.96
"Apr 20, 1990",17.6
"Apr 27, 1990",18.2
"May 04, 1990",18.37
"May 11, 1990",18.71
"May 18, 1990",19.19
"May 25, 1990",16.83
"Jun 01, 1990",17.72
"Jun 08, 1990",16.77
"Jun 15, 1990",17.11
"Jun 22, 1990",15.9
"Jun 29, 1990",16.84
"Jul 06, 1990",16.68
"Jul 13, 1990",17.64
"Jul 20, 1990",18.83
"Jul 27, 1990",19.89
"Aug 03, 1990",21.98
"Aug 10, 1990",27.32
"Aug 17, 1990",27.27
"Aug 24, 1990",30.08
"Aug 31, 1990",27.13
"Sep 07, 1990",29.67
"Sep 14, 1990",30.99
"Sep 21, 1990",34.21
"Sep 28, 1990",39.16
"Oct 05, 1990",36.64
"Oct 12, 1990",39.88
"Oct 19, 1990",36.84
"Oct 26, 1990",31.32
"Nov 02, 1990",34.95
"Nov 09, 1990",33.89
"Nov 16, 1990",31.5
"Nov 23, 1990",30.69
"Nov 30, 1990",32.32
"Dec 07, 1990",27.72
"Dec 14, 1990",26.39
"Dec 21, 1990",27.56
"Dec 28, 1990",27.21
"Jan 04, 1991",26.38
"Jan 11, 1991",27.55
"Jan 18, 1991",26.85
"Jan 25, 1991",24.08
"Feb 01, 1991",21.41
"Feb 08, 1991",21.3
"Feb 15, 1991",22.12
"Feb 22, 1991",19.38
"Mar 01, 1991",18.73
"Mar 08, 1991",19.86
"Mar 15, 1991",19.89
"Mar 22, 1991",20.3
"Mar 29, 1991",19.58
"Apr 05, 1991",19.63
"Apr 12, 1991",20.89
"Apr 19, 1991",21.48
"Apr 26, 1991",21.19
"May 03, 1991",21.23
"May 10, 1991",21.69
"May 17, 1991",20.95
"May 24, 1991",21.04
"May 31, 1991",21.21
"Jun 07, 1991",20.63
"Jun 14, 1991",19.84
"Jun 21, 1991",20.08
"Jun 28, 1991",20.21
"Jul 05, 1991",20.8
"Jul 12, 1991",21.43
"Jul 19, 1991",21.91
"Jul 26, 1991",21.4
"Aug 02, 1991",21.46
"Aug 09, 1991",21.5
"Aug 16, 1991",21.44
"Aug 23, 1991",21.99
"Aug 30, 1991",21.98
"Sep 06, 1991",21.84
"Sep 13, 1991",21.54
"Sep 20, 1991",21.85
"Sep 27, 1991",22.24
"Oct 04, 1991",22.41
"Oct 11, 1991",23.08
"Oct 18, 1991",23.82
"Oct 25, 1991",23.46
"Nov 01, 1991",23.32
"Nov 08, 1991",23.47
"Nov 15, 1991",22.57
"Nov 22, 1991",22.04
"Nov 29, 1991",21.49
"Dec 06, 1991",20.55
"Dec 13, 1991",19.64
"Dec 20, 1991",19.2
"Dec 27, 1991",18.68
"Jan 03, 1992",19.11
"Jan 10, 1992",18.41
"Jan 17, 1992",18.81
"Jan 24, 1992",18.66
"Jan 31, 1992",19.05
"Feb 07, 1992",19.42
"Feb 14, 1992",19.49
"Feb 21, 1992",18.62
"Feb 28, 1992",18.51
"Mar 06, 1992",18.55
"Mar 13, 1992",18.76
"Mar 20, 1992",19.1
"Mar 27, 1992",19.09
"Apr 03, 1992",19.73
"Apr 10, 1992",20.43
"Apr 17, 1992",20.06
"Apr 24, 1992",20.06
"May 01, 1992",20.63
"May 08, 1992",20.86
"May 15, 1992",20.8
"May 22, 1992",20.49
"May 29, 1992",21.98
"Jun 05, 1992",22.38
"Jun 12, 1992",22.35
"Jun 19, 1992",22.26
"Jun 26, 1992",22.68
"Jul 03, 1992",22.03
"Jul 10, 1992",21.48
"Jul 17, 1992",21.58
"Jul 24, 1992",21.95
"Jul 31, 1992",21.95
"Aug 07, 1992",21.34
"Aug 14, 1992",21.18
"Aug 21, 1992",21.39
"Aug 28, 1992",21.43
"Sep 04, 1992",21.66
"Sep 11, 1992",21.94
"Sep 18, 1992",22.21
"Sep 25, 1992",21.71
"Oct 02, 1992",21.81
"Oct 09, 1992",21.9
"Oct 16, 1992",22.25
"Oct 23, 1992",21.58
"Oct 30, 1992",20.95
"Nov 06, 1992",20.52
"Nov 13, 1992",20.37
"Nov 20, 1992",20.35
"Nov 27, 1992",20.16
"Dec 04, 1992",19.38
"Dec 11, 1992",19.01
"Dec 18, 1992",19.38
"Dec 25, 1992",19.91
"Jan 01, 1993",19.63
"Jan 08, 1993",19
"Jan 15, 1993",18.62
"Jan 22, 1993",18.61
"Jan 29, 1993",19.9
"Feb 05, 1993",20.22
"Feb 12, 1993",20.13
"Feb 19, 1993",19.51
"Feb 26, 1993",20.4
"Mar 05, 1993",20.69
"Mar 12, 1993",20.45
"Mar 19, 1993",20.14
"Mar 26, 1993",20
"Apr 02, 1993",20.44
"Apr 09, 1993",20.37
"Apr 16, 1993",20.28
"Apr 23, 1993",19.95
"Apr 30, 1993",20.3
"May 07, 1993",20.47
"May 14, 1993",20.06
"May 21, 1993",19.43
"May 28, 1993",19.84
"Jun 04, 1993",19.95
"Jun 11, 1993",19.43
"Jun 18, 1993",18.76
"Jun 25, 1993",18.52
"Jul 02, 1993",18.61
"Jul 09, 1993",18.02
"Jul 16, 1993",17.72
"Jul 23, 1993",17.54
"Jul 30, 1993",18.18
"Aug 06, 1993",17.67
"Aug 13, 1993",17.87
"Aug 20, 1993",17.84
"Aug 27, 1993",18.49
"Sep 03, 1993",18.1
"Sep 10, 1993",16.96
"Sep 17, 1993",16.94
"Sep 24, 1993",17.67
"Oct 01, 1993",18.33
"Oct 08, 1993",18.46
"Oct 15, 1993",18.57
"Oct 22, 1993",18.12
"Oct 29, 1993",17.37
"Nov 05, 1993",17.29
"Nov 12, 1993",16.71
"Nov 19, 1993",16.75
"Nov 26, 1993",16.08
"Dec 03, 1993",15.21
"Dec 10, 1993",14.68
"Dec 17, 1993",14.31
"Dec 24, 1993",14.4
"Dec 31, 1993",14.21
"Jan 07, 1994",15.03
"Jan 14, 1994",14.67
"Jan 21, 1994",15.02
"Jan 28, 1994",15.34
"Feb 04, 1994",15.76
"Feb 11, 1994",14.87
"Feb 18, 1994",14.13
"Feb 25, 1994",14.44
"Mar 04, 1994",14.68
"Mar 11, 1994",14.24
"Mar 18, 1994",14.82
"Mar 25, 1994",15.15
"Apr 01, 1994",14.44
"Apr 08, 1994",15.65
"Apr 15, 1994",16.07
"Apr 22, 1994",17.02
"Apr 29, 1994",16.93
"May 06, 1994",17.2
"May 13, 1994",17.93
"May 20, 1994",18.21
"May 27, 1994",18.14
"Jun 03, 1994",18.24
"Jun 10, 1994",18.26
"Jun 17, 1994",19.61
"Jun 24, 1994",19.8
"Jul 01, 1994",19.16
"Jul 08, 1994",19.39
"Jul 15, 1994",20.16
"Jul 22, 1994",19.39
"Jul 29, 1994",19.66
"Aug 05, 1994",20.09
"Aug 12, 1994",18.88
"Aug 19, 1994",17.85
"Aug 26, 1994",17.23
"Sep 02, 1994",17.52
"Sep 09, 1994",17.65
"Sep 16, 1994",16.93
"Sep 23, 1994",17.38
"Sep 30, 1994",17.83
"Oct 07, 1994",18.13
"Oct 14, 1994",17.37
"Oct 21, 1994",17.35
"Oct 28, 1994",17.93
"Nov 04, 1994",18.69
"Nov 11, 1994",18.25
"Nov 18, 1994",17.51
"Nov 25, 1994",17.73
"Dec 02, 1994",17.78
"Dec 09, 1994",16.99
"Dec 16, 1994",16.86
"Dec 23, 1994",17.1
"Dec 30, 1994",17.71
"Jan 06, 1995",17.62
"Jan 13, 1995",17.55
"Jan 20, 1995",18.45
"Jan 27, 1995",18.34
"Feb 03, 1995",18.5
"Feb 10, 1995",18.42
"Feb 17, 1995",18.55
"Feb 24, 1995",18.75
"Mar 03, 1995",18.5
"Mar 10, 1995",18.27
"Mar 17, 1995",18.13
"Mar 24, 1995",18.69
"Mar 31, 1995",19.12
"Apr 07, 1995",19.43
"Apr 14, 1995",19.53
"Apr 21, 1995",20.26
"Apr 28, 1995",20.29
"May 05, 1995",20.24
"May 12, 1995",19.74
"May 19, 1995",19.98
"May 26, 1995",19.37
"Jun 02, 1995",18.92
"Jun 09, 1995",19.05
"Jun 16, 1995",18.91
"Jun 23, 1995",17.88
"Jun 30, 1995",17.71
"Jul 07, 1995",17.28
"Jul 14, 1995",17.34
"Jul 21, 1995",17.21
"Jul 28, 1995",17.41
"Aug 04, 1995",17.72
"Aug 11, 1995",17.81
"Aug 18, 1995",17.6
"Aug 25, 1995",19.02
"Sep 01, 1995",17.88
"Sep 08, 1995",18.37
"Sep 15, 1995",18.72
"Sep 22, 1995",18.32
"Sep 29, 1995",17.55
"Oct 06, 1995",17.29
"Oct 13, 1995",17.28
"Oct 20, 1995",17.51
"Oct 27, 1995",17.56
"Nov 03, 1995",17.79
"Nov 10, 1995",17.76
"Nov 17, 1995",18.06
"Nov 24, 1995",17.99
"Dec 01, 1995",18.32
"Dec 08, 1995",18.74
"Dec 15, 1995",19.02
"Dec 22, 1995",19.12
"Dec 29, 1995",19.44
"Jan 05, 1996",19.99
"Jan 12, 1996",19.43
"Jan 19, 1996",18.64
"Jan 26, 1996",18.35
"Feb 02, 1996",17.64
"Feb 09, 1996",17.72
"Feb 16, 1996",18.8
"Feb 23, 1996",21.45
"Mar 01, 1996",19.49
"Mar 08, 1996",19.72
"Mar 15, 1996",20.8
"Mar 22, 1996",23.16
"Mar 29, 1996",22.03
"Apr 05, 1996",22.49
"Apr 12, 1996",23.95
"Apr 19, 1996",24.34
"Apr 26, 1996",23.8
"May 03, 1996",21.16
"May 10, 1996",20.98
"May 17, 1996",21.06
"May 24, 1996",22.24
"May 31, 1996",20.37
"Jun 07, 1996",20.04
"Jun 14, 1996",20.15
"Jun 21, 1996",20.95
"Jun 28, 1996",20.55
"Jul 05, 1996",21.4
"Jul 12, 1996",21.65
"Jul 19, 1996",21.8
"Jul 26, 1996",20.96
"Aug 02, 1996",20.66
"Aug 09, 1996",21.35
"Aug 16, 1996",22.25
"Aug 23, 1996",22.5
"Aug 30, 1996",21.82
"Sep 06, 1996",23.48
"Sep 13, 1996",24.42
"Sep 20, 1996",23.52
"Sep 27, 1996",24.33
"Oct 04, 1996",24.44
"Oct 11, 1996",24.93
"Oct 18, 1996",25.45
"Oct 25, 1996",25.15
"Nov 01, 1996",23.91
"Nov 08, 1996",22.92
"Nov 15, 1996",23.9
"Nov 22, 1996",24.03
"Nov 29, 1996",24.21
"Dec 06, 1996",25.14
"Dec 13, 1996",24.2
"Dec 20, 1996",26.02
"Dec 27, 1996",25.44
"Jan 03, 1997",25.59
"Jan 10, 1997",26.3
"Jan 17, 1997",25.42
"Jan 24, 1997",24.4
"Jan 31, 1997",24.24
"Feb 07, 1997",23.49
"Feb 14, 1997",22.21
"Feb 21, 1997",22.18
"Feb 28, 1997",20.83
"Mar 07, 1997",20.77
"Mar 14, 1997",20.64
"Mar 21, 1997",21.72
"Mar 28, 1997",20.83
"Apr 04, 1997",19.76
"Apr 11, 1997",19.38
"Apr 18, 1997",19.65
"Apr 25, 1997",19.85
"May 02, 1997",19.99
"May 09, 1997",19.94
"May 16, 1997",21.45
"May 23, 1997",21.43
"May 30, 1997",20.9
"Jun 06, 1997",20.12
"Jun 13, 1997",18.88
"Jun 20, 1997",18.93
"Jun 27, 1997",19
"Jul 04, 1997",19.95
"Jul 11, 1997",19.44
"Jul 18, 1997",19.49
"Jul 25, 1997",19.52
"Aug 01, 1997",20.13
"Aug 08, 1997",20.35
"Aug 15, 1997",19.99
"Aug 22, 1997",19.92
"Aug 29, 1997",19.5
"Sep 05, 1997",19.61
"Sep 12, 1997",19.44
"Sep 19, 1997",19.44
"Sep 26, 1997",20.12
"Oct 03, 1997",21.62
"Oct 10, 1997",22.01
"Oct 17, 1997",21.03
"Oct 24, 1997",21
"Oct 31, 1997",20.92
"Nov 07, 1997",20.65
"Nov 14, 1997",20.66
"Nov 21, 1997",19.81
"Nov 28, 1997",19.3
"Dec 05, 1997",18.69
"Dec 12, 1997",18.44
"Dec 19, 1997",18.31
"Dec 26, 1997",18.31
"Jan 02, 1998",17.58
"Jan 09, 1998",16.83
"Jan 16, 1998",16.47
"Jan 23, 1998",16.02
"Jan 30, 1998",17.3
"Feb 06, 1998",16.65
"Feb 13, 1998",16.25
"Feb 20, 1998",16.03
"Feb 27, 1998",15.3
"Mar 06, 1998",15.23
"Mar 13, 1998",14.4
"Mar 20, 1998",14.04
"Mar 27, 1998",16.42
"Apr 03, 1998",15.98
"Apr 10, 1998",15.55
"Apr 17, 1998",15.53
"Apr 24, 1998",14.5
"May 01, 1998",15.71
"May 08, 1998",15.48
"May 15, 1998",15.03
"May 22, 1998",13.91
"May 29, 1998",14.99
"Jun 05, 1998",15.02
"Jun 12, 1998",13.42
"Jun 19, 1998",12.04
"Jun 26, 1998",14.17
"Jul 03, 1998",14.41
"Jul 10, 1998",13.94
"Jul 17, 1998",14.48
"Jul 24, 1998",13.89
"Jul 31, 1998",14.24
"Aug 07, 1998",13.83
"Aug 14, 1998",13.12
"Aug 21, 1998",13.33
"Aug 28, 1998",13.65
"Sep 04, 1998",13.98
"Sep 11, 1998",14.45
"Sep 18, 1998",14.88
"Sep 25, 1998",15.78
"Oct 02, 1998",15.83
"Oct 09, 1998",15.02
"Oct 16, 1998",14.21
"Oct 23, 1998",13.81
"Oct 30, 1998",14.34
"Nov 06, 1998",14.13
"Nov 13, 1998",13.63
"Nov 20, 1998",12.4
"Nov 27, 1998",11.62
"Dec 04, 1998",11.28
"Dec 11, 1998",11.16
"Dec 18, 1998",11.5
"Dec 25, 1998",11
"Jan 01, 1999",11.83
"Jan 08, 1999",12.67
"Jan 15, 1999",12.62
"Jan 22, 1999",12.26
"Jan 29, 1999",12.46
"Feb 05, 1999",12.16
"Feb 12, 1999",11.81
"Feb 19, 1999",11.66
"Feb 26, 1999",12.36
"Mar 05, 1999",12.9
"Mar 12, 1999",14.19
"Mar 19, 1999",14.91
"Mar 26, 1999",15.55
"Apr 02, 1999",16.61
"Apr 09, 1999",16.45
"Apr 16, 1999",16.77
"Apr 23, 1999",17.93
"Apr 30, 1999",18.23
"May 07, 1999",18.62
"May 14, 1999",18
"May 21, 1999",17.18
"May 28, 1999",17.07
"Jun 04, 1999",16.77
"Jun 11, 1999",17.96
"Jun 18, 1999",18.21
"Jun 25, 1999",18.05
"Jul 02, 1999",19.04
"Jul 09, 1999",19.87
"Jul 16, 1999",20.21
"Jul 23, 1999",19.89
"Jul 30, 1999",20.62
"Aug 06, 1999",20.54
"Aug 13, 1999",21.44
"Aug 20, 1999",21.62
"Aug 27, 1999",21.21
"Sep 03, 1999",21.88
"Sep 10, 1999",23
"Sep 17, 1999",24.28
"Sep 24, 1999",24.53
"Oct 01, 1999",24.58
"Oct 08, 1999",22.72
"Oct 15, 1999",22.54
"Oct 22, 1999",22.65
"Oct 29, 1999",22.5
"Nov 05, 1999",22.72
"Nov 12, 1999",24.22
"Nov 19, 1999",26.05
"Nov 26, 1999",27.35
"Dec 03, 1999",25.46
"Dec 10, 1999",26.19
"Dec 17, 1999",26.2
"Dec 24, 1999",26.07
"Dec 31, 1999",26.34
"Jan 07, 2000",24.95
"Jan 14, 2000",26.27
"Jan 21, 2000",29.37
"Jan 28, 2000",28.34
"Feb 04, 2000",28.08
"Feb 11, 2000",28.83
"Feb 18, 2000",29.87
"Feb 25, 2000",30.1
"Mar 03, 2000",31.07
"Mar 10, 2000",32.14
"Mar 17, 2000",31.29
"Mar 24, 2000",27.99
"Mar 31, 2000",26.92
"Apr 07, 2000",25.6
"Apr 14, 2000",24.87
"Apr 21, 2000",26.66
"Apr 28, 2000",25.95
"May 05, 2000",26.75
"May 12, 2000",28.7
"May 19, 2000",29.88
"May 26, 2000",29.46
"Jun 02, 2000",29.98
"Jun 09, 2000",29.79
"Jun 16, 2000",32.45
"Jun 23, 2000",33.55
"Jun 30, 2000",32.12
"Jul 07, 2000",30.4
"Jul 14, 2000",30.44
"Jul 21, 2000",30.65
"Jul 28, 2000",28.02
"Aug 04, 2000",28.5
"Aug 11, 2000",30.14
"Aug 18, 2000",31.82
"Aug 25, 2000",32.46
"Sep 01, 2000",33.08
"Sep 08, 2000",34.42
"Sep 15, 2000",34.7
"Sep 22, 2000",35.49
"Sep 29, 2000",31.13
"Oct 06, 2000",31.27
"Oct 13, 2000",33.9
"Oct 20, 2000",33.48
"Oct 27, 2000",33.92
"Nov 03, 2000",32.78
"Nov 10, 2000",33.46
"Nov 17, 2000",35
"Nov 24, 2000",35.91
"Dec 01, 2000",34.1
"Dec 08, 2000",29.69
"Dec 15, 2000",29.05
"Dec 22, 2000",27.38
"Dec 29, 2000",26.52
"Jan 05, 2001",27.8
"Jan 12, 2001",28.81
"Jan 19, 2001",30.63
"Jan 26, 2001",31.35
"Feb 02, 2001",29.59
"Feb 09, 2001",30.92
"Feb 16, 2001",29.67
"Feb 23, 2001",28.65
"Mar 02, 2001",27.91
"Mar 09, 2001",28.45
"Mar 16, 2001",27.02
"Mar 23, 2001",26.42
"Mar 30, 2001",26.86
"Apr 06, 2001",26.76
"Apr 13, 2001",28.27
"Apr 20, 2001",27.89
"Apr 27, 2001",26.99
"May 04, 2001",28.36
"May 11, 2001",28.12
"May 18, 2001",29.08
"May 25, 2001",28.92
"Jun 01, 2001",28.44
"Jun 08, 2001",27.98
"Jun 15, 2001",28.9
"Jun 22, 2001",27.09
"Jun 29, 2001",26.37
"Jul 06, 2001",26.87
"Jul 13, 2001",27.07
"Jul 20, 2001",25.26
"Jul 27, 2001",26.5
"Aug 03, 2001",27.1
"Aug 10, 2001",27.87
"Aug 17, 2001",27.52
"Aug 24, 2001",27.25
"Aug 31, 2001",26.84
"Sep 07, 2001",27.38
"Sep 14, 2001",28.22
"Sep 21, 2001",27.09
"Sep 28, 2001",22.35
"Oct 05, 2001",22.6
"Oct 12, 2001",22.66
"Oct 19, 2001",21.92
"Oct 26, 2001",21.78
"Nov 02, 2001",21.17
"Nov 09, 2001",20.7
"Nov 16, 2001",19.61
"Nov 23, 2001",18.28
"Nov 30, 2001",19.13
"Dec 07, 2001",19.47
"Dec 14, 2001",18.45
"Dec 21, 2001",19.2
"Dec 28, 2001",20.94
"Jan 04, 2002",20.8
"Jan 11, 2002",20.54
"Jan 18, 2002",18.61
"Jan 25, 2002",19.21
"Feb 01, 2002",19.71
"Feb 08, 2002",19.97
"Feb 15, 2002",21.18
"Feb 22, 2002",20.7
"Mar 01, 2002",21.43
"Mar 08, 2002",23.31
"Mar 15, 2002",24.4
"Mar 22, 2002",25.25
"Mar 29, 2002",25.86
"Apr 05, 2002",26.99
"Apr 12, 2002",25.24
"Apr 19, 2002",25.54
"Apr 26, 2002",26.46
"May 03, 2002",26.88
"May 10, 2002",27.27
"May 17, 2002",28.43
"May 24, 2002",27.18
"May 31, 2002",25.22
"Jun 07, 2002",25.01
"Jun 14, 2002",24.94
"Jun 21, 2002",25.61
"Jun 28, 2002",26.52
"Jul 05, 2002",26.81
"Jul 12, 2002",26.7
"Jul 19, 2002",27.62
"Jul 26, 2002",26.64
"Aug 02, 2002",26.87
"Aug 09, 2002",26.77
"Aug 16, 2002",28.52
"Aug 23, 2002",30.09
"Aug 30, 2002",28.84
"Sep 06, 2002",28.65
"Sep 13, 2002",29.59
"Sep 20, 2002",29.39
"Sep 27, 2002",30.63
"Oct 04, 2002",30.25
"Oct 11, 2002",29.37
"Oct 18, 2002",29.65
"Oct 25, 2002",27.88
"Nov 01, 2002",27.03
"Nov 08, 2002",25.97
"Nov 15, 2002",25.68
"Nov 22, 2002",26.98
"Nov 29, 2002",26.83
"Dec 06, 2002",27.14
"Dec 13, 2002",27.82
"Dec 20, 2002",30.35
"Dec 27, 2002",32.38
"Jan 03, 2003",31.96
"Jan 10, 2003",31.54
"Jan 17, 2003",33.04
"Jan 24, 2003",34.46
"Jan 31, 2003",33.19
"Feb 07, 2003",33.95
"Feb 14, 2003",35.79
"Feb 21, 2003",36.78
"Feb 28, 2003",36.98
"Mar 07, 2003",36.98
"Mar 14, 2003",36.66
"Mar 21, 2003",30.46
"Mar 28, 2003",30.43
"Apr 04, 2003",29.33
"Apr 11, 2003",28.03
"Apr 18, 2003",29.28
"Apr 25, 2003",28.43
"May 02, 2003",25.69
"May 09, 2003",26.58
"May 16, 2003",28.54
"May 23, 2003",29.29
"May 30, 2003",29.1
"Jun 06, 2003",30.68
"Jun 13, 2003",31.46
"Jun 20, 2003",30.6
"Jun 27, 2003",30.01
"Jul 04, 2003",30.31
"Jul 11, 2003",30.73
"Jul 18, 2003",31.48
"Jul 25, 2003",30.61
"Aug 01, 2003",30.73
"Aug 08, 2003",32.11
"Aug 15, 2003",31.31
"Aug 22, 2003",31.19
"Aug 29, 2003",31.56
"Sep 05, 2003",29.2
"Sep 12, 2003",28.92
"Sep 19, 2003",27.39
"Sep 26, 2003",27.73
"Oct 03, 2003",29.43
"Oct 10, 2003",30.69
"Oct 17, 2003",31.49
"Oct 24, 2003",30.17
"Oct 31, 2003",29.28
"Nov 07, 2003",29.79
"Nov 14, 2003",31.56
"Nov 21, 2003",32.58
"Nov 28, 2003",30.11
"Dec 05, 2003",30.63
"Dec 12, 2003",32.16
"Dec 19, 2003",33.2
"Dec 26, 2003",32.24
"Jan 02, 2004",32.68
"Jan 09, 2004",33.89
"Jan 16, 2004",34.51
"Jan 23, 2004",35.45
"Jan 30, 2004",33.61
"Feb 06, 2004",33.41
"Feb 13, 2004",33.88
"Feb 20, 2004",35.54
"Feb 27, 2004",36.08
"Mar 05, 2004",36.67
"Mar 12, 2004",36.44
"Mar 19, 2004",37.78
"Mar 26, 2004",36.65
"Apr 02, 2004",35.23
"Apr 09, 2004",35.7
"Apr 16, 2004",37.39
"Apr 23, 2004",37.32
"Apr 30, 2004",37.31
"May 07, 2004",39.24
"May 14, 2004",40.37
"May 21, 2004",40.84
"May 28, 2004",40.65
"Jun 04, 2004",40.01
"Jun 11, 2004",37.99
"Jun 18, 2004",37.86
"Jun 25, 2004",37.7
"Jul 02, 2004",37.14
"Jul 09, 2004",39.73
"Jul 16, 2004",40.33
"Jul 23, 2004",41.27
"Jul 30, 2004",42.5
"Aug 06, 2004",43.81
"Aug 13, 2004",45.24
"Aug 20, 2004",47.28
"Aug 27, 2004",44.34
"Sep 03, 2004",43.28
"Sep 10, 2004",43.33
"Sep 17, 2004",44.39
"Sep 24, 2004",47.82
"Oct 01, 2004",49.71
"Oct 08, 2004",51.77
"Oct 15, 2004",54.12
"Oct 22, 2004",54.43
"Oct 29, 2004",53.43
"Nov 05, 2004",49.81
"Nov 12, 2004",48
"Nov 19, 2004",47.02
"Nov 26, 2004",48.79
"Dec 03, 2004",46.06
"Dec 10, 2004",41.91
"Dec 17, 2004",43.5
"Dec 24, 2004",44.39
"Dec 31, 2004",42.52
"Jan 07, 2005",44.07
"Jan 14, 2005",46.79
"Jan 21, 2005",47.85
"Jan 28, 2005",48.56
"Feb 04, 2005",46.97
"Feb 11, 2005",46.08
"Feb 18, 2005",47.82
"Feb 25, 2005",51.75
"Mar 04, 2005",52.74
"Mar 11, 2005",54.22
"Mar 18, 2005",55.93
"Mar 25, 2005",52.95
"Apr 01, 2005",54.97
"Apr 08, 2005",55.24
"Apr 15, 2005",51.44
"Apr 22, 2005",52.39
"Apr 29, 2005",52
"May 06, 2005",50.64
"May 13, 2005",50.33
"May 20, 2005",47.77
"May 27, 2005",50.15
"Jun 03, 2005",53.76
"Jun 10, 2005",53.74
"Jun 17, 2005",56.18
"Jun 24, 2005",59.04
"Jul 01, 2005",58.21
"Jul 08, 2005",60.36
"Jul 15, 2005",59.18
"Jul 22, 2005",57.3
"Jul 29, 2005",59.39
"Aug 05, 2005",61.64
"Aug 12, 2005",64.85
"Aug 19, 2005",64.92
"Aug 26, 2005",66.34
"Sep 02, 2005",68.47
"Sep 09, 2005",64.81
"Sep 16, 2005",63.84
"Sep 23, 2005",66.43
"Sep 30, 2005",66.06
"Oct 07, 2005",63.06
"Oct 14, 2005",62.87
"Oct 21, 2005",62.28
"Oct 28, 2005",61.33
"Nov 04, 2005",60.34
"Nov 11, 2005",58.8
"Nov 18, 2005",57
"Nov 25, 2005",58.13
"Dec 02, 2005",57.78
"Dec 09, 2005",59.83
"Dec 16, 2005",60.32
"Dec 23, 2005",57.97
"Dec 30, 2005",59.82
"Jan 06, 2006",63.39
"Jan 13, 2006",63.74
"Jan 20, 2006",66.79
"Jan 27, 2006",66.82
"Feb 03, 2006",66.59
"Feb 10, 2006",63.06
"Feb 17, 2006",59.37
"Feb 24, 2006",59.93
"Mar 03, 2006",62.27
"Mar 10, 2006",60.89
"Mar 17, 2006",62.64
"Mar 24, 2006",61.36
"Mar 31, 2006",65.67
"Apr 07, 2006",66.56
"Apr 14, 2006",68.85
"Apr 21, 2006",71.87
"Apr 28, 2006",70.38
"May 05, 2006",72.14
"May 12, 2006",71.5
"May 19, 2006",69.07
"May 26, 2006",70.35
"Jun 02, 2006",71.53
"Jun 09, 2006",71.54
"Jun 16, 2006",69.48
"Jun 23, 2006",69.94
"Jun 30, 2006",72.65
"Jul 07, 2006",74.65
"Jul 14, 2006",75.21
"Jul 21, 2006",73.98
"Jul 28, 2006",73.87
"Aug 04, 2006",75.2
"Aug 11, 2006",75.63
"Aug 18, 2006",71.79
"Aug 25, 2006",72.12
"Sep 01, 2006",70.01
"Sep 08, 2006",67.53
"Sep 15, 2006",63.98
"Sep 22, 2006",61.4
"Sep 29, 2006",61.94
"Oct 06, 2006",59.77
"Oct 13, 2006",58.58
"Oct 20, 2006",58.48
"Oct 27, 2006",58.88
"Nov 03, 2006",58.55
"Nov 10, 2006",59.96
"Nov 17, 2006",57.56
"Nov 24, 2006",57.24
"Dec 01, 2006",62.02
"Dec 08, 2006",62.32
"Dec 15, 2006",61.91
"Dec 22, 2006",62.4
"Dec 29, 2006",60.66
"Jan 05, 2007",57.76
"Jan 12, 2007",54.11
"Jan 19, 2007",51.51
"Jan 26, 2007",53.57
"Feb 02, 2007",57.11
"Feb 09, 2007",58.99
"Feb 16, 2007",58.41
"Feb 23, 2007",59.57
"Mar 02, 2007",61.64
"Mar 09, 2007",60.85
"Mar 16, 2007",57.94
"Mar 23, 2007",58.26
"Mar 30, 2007",64.18
"Apr 06, 2007",64.82
"Apr 13, 2007",62.58
"Apr 20, 2007",63.06
"Apr 27, 2007",65.26
"May 04, 2007",63.82
"May 11, 2007",61.9
"May 18, 2007",63.61
"May 25, 2007",64.89
"Jun 01, 2007",63.94
"Jun 08, 2007",65.9
"Jun 15, 2007",66.62
"Jun 22, 2007",68.78
"Jun 29, 2007",69.13
"Jul 06, 2007",71.78
"Jul 13, 2007",72.79
"Jul 20, 2007",74.92
"Jul 27, 2007",75.15
"Aug 03, 2007",76.75
"Aug 10, 2007",71.92
"Aug 17, 2007",72.05
"Aug 24, 2007",70.19
"Aug 31, 2007",72.93
"Sep 07, 2007",75.96
"Sep 14, 2007",78.95
"Sep 21, 2007",82.26
"Sep 28, 2007",81.7
"Oct 05, 2007",80.59
"Oct 12, 2007",81.46
"Oct 19, 2007",87.8
"Oct 26, 2007",89.23
"Nov 02, 2007",93.46
"Nov 09, 2007",95.81
"Nov 16, 2007",93.56
"Nov 23, 2007",97.93
"Nov 30, 2007",92.47
"Dec 07, 2007",88.71
"Dec 14, 2007",91.18
"Dec 21, 2007",91.16
"Dec 28, 2007",95.64
"Jan 04, 2008",98.17
"Jan 11, 2008",94.76
"Jan 18, 2008",91.51
"Jan 25, 2008",89.41
"Feb 01, 2008",91.14
"Feb 08, 2008",89.08
"Feb 15, 2008",94.13
"Feb 22, 2008",99.61
"Feb 29, 2008",100.84
"Mar 07, 2008",103.44
"Mar 14, 2008",109.35
"Mar 21, 2008",105.28
"Mar 28, 2008",104.49
"Apr 04, 2008",103.46
"Apr 11, 2008",109.71
"Apr 18, 2008",114.33
"Apr 25, 2008",118.53
"May 02, 2008",115.42
"May 09, 2008",123.01
"May 16, 2008",124.96
"May 23, 2008",130.14
"May 30, 2008",128.47
"Jun 06, 2008",128.16
"Jun 13, 2008",134.8
"Jun 20, 2008",134.34
"Jun 27, 2008",137
"Jul 04, 2008",142.52
"Jul 11, 2008",139.95
"Jul 18, 2008",135.37
"Jul 25, 2008",125.92
"Aug 01, 2008",124.57
"Aug 08, 2008",118.8
"Aug 15, 2008",114.4
"Aug 22, 2008",115.7
"Aug 29, 2008",116.09
"Sep 05, 2008",108.37
"Sep 12, 2008",102.88
"Sep 19, 2008",97.19
"Sep 26, 2008",111.12
"Oct 03, 2008",96.59
"Oct 10, 2008",86.24
"Oct 17, 2008",75.19
"Oct 24, 2008",68.56
"Oct 31, 2008",65.21
"Nov 07, 2008",64.31
"Nov 14, 2008",58.6
"Nov 21, 2008",52.26
"Nov 28, 2008",53.27
"Dec 05, 2008",45.6
"Dec 12, 2008",44.57
"Dec 19, 2008",39.7
"Dec 26, 2008",32.98
"Jan 02, 2009",42.4
"Jan 09, 2009",44.46
"Jan 16, 2009",36.73
"Jan 23, 2009",42.15
"Jan 30, 2009",42.7
"Feb 06, 2009",40.78
"Feb 13, 2009",36.94
"Feb 20, 2009",37.15
"Feb 27, 2009",41.1
"Mar 06, 2009",43.18
"Mar 13, 2009",45.66
"Mar 20, 2009",49.49
"Mar 27, 2009",52.99
"Apr 03, 2009",50.34
"Apr 10, 2009",50.46
"Apr 17, 2009",49.86
"Apr 24, 2009",47.8
"May 01, 2009",50.2
"May 08, 2009",55.96
"May 15, 2009",57.94
"May 22, 2009",60.32
"May 29, 2009",64.32
"Jun 05, 2009",68.11
"Jun 12, 2009",70.85
"Jun 19, 2009",70.62
"Jun 26, 2009",68.58
"Jul 03, 2009",69.32
"Jul 10, 2009",61.48
"Jul 17, 2009",61.29
"Jul 24, 2009",65.28
"Jul 31, 2009",67.03
"Aug 07, 2009",71.58
"Aug 14, 2009",69.64
"Aug 21, 2009",70.8
"Aug 28, 2009",72.37
"Sep 04, 2009",68.39
"Sep 11, 2009",70.91
"Sep 18, 2009",71.32
"Sep 25, 2009",68.33
"Oct 02, 2009",68.84
"Oct 09, 2009",70.8
"Oct 16, 2009",75.73
"Oct 23, 2009",80.06
"Oct 30, 2009",78.47
"Nov 06, 2009",79
"Nov 13, 2009",78.24
"Nov 20, 2009",78.37
"Nov 27, 2009",76.14
"Dec 04, 2009",76.81
"Dec 11, 2009",71.51
"Dec 18, 2009",71.72
"Dec 25, 2009",74.76
"Jan 01, 2010",79.07
"Jan 08, 2010",82.34
"Jan 15, 2010",80.06
"Jan 22, 2010",76.62
"Jan 29, 2010",73.94
"Feb 05, 2010",74.57
"Feb 12, 2010",73.88
"Feb 19, 2010",78.25
"Feb 26, 2010",79.22
"Mar 05, 2010",80.19
"Mar 12, 2010",81.76
"Mar 19, 2010",81.44
"Mar 26, 2010",80.65
"Apr 02, 2010",83.01
"Apr 09, 2010",85.66
"Apr 16, 2010",84.34
"Apr 23, 2010",82.9
"Apr 30, 2010",84.22
"May 07, 2010",80.24
"May 14, 2010",74.98
"May 21, 2010",69.14
"May 28, 2010",70.62
"Jun 04, 2010",72.91
"Jun 11, 2010",73.44
"Jun 18, 2010",76.7
"Jun 25, 2010",77.06
"Jul 02, 2010",74.96
"Jul 09, 2010",74.39
"Jul 16, 2010",76.35
"Jul 23, 2010",77.56
"Jul 30, 2010",78.12
"Aug 06, 2010",81.79
"Aug 13, 2010",78.17
"Aug 20, 2010",74.84
"Aug 27, 2010",72.91
"Sep 03, 2010",74.02
"Sep 10, 2010",74.82
"Sep 17, 2010",75.62
"Sep 24, 2010",73.76
"Oct 01, 2010",78.41
"Oct 08, 2010",82.29
"Oct 15, 2010",82.16
"Oct 22, 2010",81.15
"Oct 29, 2010",82.03
"Nov 05, 2010",84.93
"Nov 12, 2010",86.91
"Nov 19, 2010",82.23
"Nov 26, 2010",82.28
"Dec 03, 2010",86.75
"Dec 10, 2010",88.5
"Dec 17, 2010",88.27
"Dec 24, 2010",89.66
"Dec 31, 2010",90.97
"Jan 07, 2011",89.54
"Jan 14, 2011",91.02
"Jan 21, 2011",89.75
"Jan 28, 2011",86.11
"Feb 04, 2011",89.52
"Feb 11, 2011",85.51
"Feb 18, 2011",84.13
"Feb 25, 2011",95.26
"Mar 04, 2011",101.05
"Mar 11, 2011",103.74
"Mar 18, 2011",99.79
"Mar 25, 2011",104.41
"Apr 01, 2011",105.08
"Apr 08, 2011",109.29
"Apr 15, 2011",107.75
"Apr 22, 2011",109.11
"Apr 29, 2011",112.3
"May 06, 2011",105.84
"May 13, 2011",99.87
"May 20, 2011",97.99
"May 27, 2011",99.55
"Jun 03, 2011",100.92
"Jun 10, 2011",100.05
"Jun 17, 2011",95.87
"Jun 24, 2011",92.7
"Jul 01, 2011",93.7
"Jul 08, 2011",97.12
"Jul 15, 2011",96.72
"Jul 22, 2011",98.01
"Jul 29, 2011",97.83
"Aug 05, 2011",90.85
"Aug 12, 2011",82.86
"Aug 19, 2011",85.36
"Aug 26, 2011",85.06
"Sep 02, 2011",88.07
"Sep 09, 2011",87.91
"Sep 16, 2011",88.93
"Sep 23, 2011",83.65
"Sep 30, 2011",81.18
"Oct 07, 2011",79.43
"Oct 14, 2011",85.35
"Oct 21, 2011",86.82
"Oct 28, 2011",92.32
"Nov 04, 2011",93.24
"Nov 11, 2011",96.97
"Nov 18, 2011",99.32
"Nov 25, 2011",96.89
"Dec 02, 2011",99.91
"Dec 09, 2011",100.08
"Dec 16, 2011",96.06
"Dec 23, 2011",97.74
"Dec 30, 2011",99.81
"Jan 06, 2012",102.39
"Jan 13, 2012",100.43
"Jan 20, 2012",99.95
"Jan 27, 2012",99.35
"Feb 03, 2012",97.8
"Feb 10, 2012",98.56
"Feb 17, 2012",101.73
"Feb 24, 2012",107.18
"Mar 02, 2012",107.52
"Mar 09, 2012",106.32
"Mar 16, 2012",106.15
"Mar 23, 2012",106.41
"Mar 30, 2012",105.12
"Apr 06, 2012",103.52
"Apr 13, 2012",102.55
"Apr 20, 2012",103.15
"Apr 27, 2012",103.78
"May 04, 2012",103.47
"May 11, 2012",96.98
"May 18, 2012",93.11
"May 25, 2012",90.88
"Jun 01, 2012",87.06
"Jun 08, 2012",84.43
"Jun 15, 2012",83.27
"Jun 22, 2012",81.11
"Jun 29, 2012",80.23
"Jul 06, 2012",85.74
"Jul 13, 2012",85.78
"Jul 20, 2012",90.34
"Jul 27, 2012",88.88
"Aug 03, 2012",89.1
"Aug 10, 2012",93.14
"Aug 17, 2012",94.43
"Aug 24, 2012",96.22
"Aug 31, 2012",95.68
"Sep 07, 2012",95.68
"Sep 14, 2012",97.56
"Sep 21, 2012",93.7
"Sep 28, 2012",91.35
"Oct 05, 2012",90.81
"Oct 12, 2012",91.42
"Oct 19, 2012",91.59
"Oct 26, 2012",86.35
"Nov 02, 2012",85.87
"Nov 09, 2012",85.98
"Nov 16, 2012",85.87
"Nov 23, 2012",87.4
"Nov 30, 2012",87.27
"Dec 07, 2012",87
"Dec 14, 2012",85.71
"Dec 21, 2012",88.24
"Dec 28, 2012",90.14
"Jan 04, 2013",92.77
"Jan 11, 2013",93.38
"Jan 18, 2013",94.58
"Jan 25, 2013",95.41
"Feb 01, 2013",97.33
"Feb 08, 2013",96.18
"Feb 15, 2013",96.95
"Feb 22, 2013",94.38
"Mar 01, 2013",92.19
"Mar 08, 2013",91
"Mar 15, 2013",92.7
"Mar 22, 2013",93.05
"Mar 29, 2013",96.08
"Apr 05, 2013",95.07
"Apr 12, 2013",93.36
"Apr 19, 2013",88
"Apr 26, 2013",91
"May 03, 2013",93.4
"May 10, 2013",95.84
"May 17, 2013",94.65
"May 24, 2013",94.76
"May 31, 2013",93.32
"Jun 07, 2013",94.25
"Jun 14, 2013",96.36
"Jun 21, 2013",96.65
"Jun 28, 2013",95.83
"Jul 05, 2013",100.65
"Jul 12, 2013",104.7
"Jul 19, 2013",106.88
"Jul 26, 2013",105.88
"Aug 02, 2013",105.54
"Aug 09, 2013",105.17
"Aug 16, 2013",106.97
"Aug 23, 2013",105.48
"Aug 30, 2013",108.33
"Sep 06, 2013",108.77
"Sep 13, 2013",108.36
"Sep 20, 2013",106.22
"Sep 27, 2013",103.1
"Oct 04, 2013",103.14
"Oct 11, 2013",102.7
"Oct 18, 2013",101.51
"Oct 25, 2013",97.57
"Nov 01, 2013",96.94
"Nov 08, 2013",94.31
"Nov 15, 2013",93.94
"Nov 22, 2013",93.92
"Nov 29, 2013",92.97
"Dec 06, 2013",96.21
"Dec 13, 2013",97.23
"Dec 20, 2013",97.85
"Dec 27, 2013",99.15
"Jan 03, 2014",96.47
"Jan 10, 2014",92.42
"Jan 17, 2014",92.98
"Jan 24, 2014",96.19
"Jan 31, 2014",97.29
"Feb 07, 2014",97.78
"Feb 14, 2014",100.21
"Feb 21, 2014",102.93
"Feb 28, 2014",102.77
"Mar 07, 2014",103.07
"Mar 14, 2014",99.55
"Mar 21, 2014",99.77
"Mar 28, 2014",100.66
"Apr 04, 2014",100.46
"Apr 11, 2014",102.72
"Apr 18, 2014",103.95
"Apr 25, 2014",102.11
"May 02, 2014",100.51
"May 09, 2014",100.29
"May 16, 2014",101.92
"May 23, 2014",103.82
"May 30, 2014",103.95
"Jun 06, 2014",103.23
"Jun 13, 2014",105.97
"Jun 20, 2014",107.23
"Jun 27, 2014",106.69
"Jul 04, 2014",105.52
"Jul 11, 2014",103.25
"Jul 18, 2014",102.37
"Jul 25, 2014",104.35
"Aug 01, 2014",102.19
"Aug 08, 2014",97.5
"Aug 15, 2014",97.17
"Aug 22, 2014",94.95
"Aug 29, 2014",96.25
"Sep 05, 2014",94.06
"Sep 12, 2014",92.43
"Sep 19, 2014",93.52
"Sep 26, 2014",93.15
"Oct 03, 2014",91.44
"Oct 10, 2014",87.63
"Oct 17, 2014",82.88
"Oct 24, 2014",82.12
"Oct 31, 2014",81.29
"Nov 07, 2014",78.24
"Nov 14, 2014",76.5
"Nov 21, 2014",75.38
"Nov 28, 2014",72.36
"Dec 05, 2014",67.18
"Dec 12, 2014",61.14
"Dec 19, 2014",55.89
"Dec 26, 2014",55.58
"Jan 02, 2015",53.44
"Jan 09, 2015",48.77
"Jan 16, 2015",47.07
"Jan 23, 2015",46.46
"Jan 30, 2015",45.32
"Feb 06, 2015",50.58
"Feb 13, 2015",51.14
"Feb 20, 2015",51.69
"Feb 27, 2015",49.16
"Mar 06, 2015",50.38
"Mar 13, 2015",47.69
"Mar 20, 2015",44.39
"Mar 27, 2015",48.68
"Apr 03, 2015",48.91
"Apr 10, 2015",51.78
"Apr 17, 2015",54.78
"Apr 24, 2015",56.14
"May 01, 2015",57.98
"May 08, 2015",59.73
"May 15, 2015",60.01
"May 22, 2015",58.95
"May 29, 2015",58.19
"Jun 05, 2015",59.66
"Jun 12, 2015",60.07
"Jun 19, 2015",59.89
"Jun 26, 2015",60.01
"Jul 03, 2015",57.92
"Jul 10, 2015",52.38
"Jul 17, 2015",51.68
"Jul 24, 2015",49.21
"Jul 31, 2015",47.91
"Aug 07, 2015",44.94
"Aug 14, 2015",43.2
"Aug 21, 2015",41.34
"Aug 28, 2015",40.73
"Sep 04, 2015",46.73
"Sep 11, 2015",45.16
"Sep 18, 2015",45.48
"Sep 25, 2015",45.57
"Oct 02, 2015",45
"Oct 09, 2015",48.36
"Oct 16, 2015",46.82
"Oct 23, 2015",45.16
"Oct 30, 2015",44.99
"Nov 06, 2015",45.98
"Nov 13, 2015",42.7
"Nov 20, 2015",40.62
"Nov 27, 2015",40.49
"Dec 04, 2015",40.4
"Dec 11, 2015",36.93
"Dec 18, 2015",35.78
"Dec 25, 2015",36.26
"Jan 01, 2016",36.99
"Jan 08, 2016",34.65
"Jan 15, 2016",30.59
"Jan 22, 2016",29.19
"Jan 29, 2016",31.81
"Feb 05, 2016",31.26
"Feb 12, 2016",28.14
"Feb 19, 2016",30.02
"Feb 26, 2016",31.32
"Mar 04, 2016",34.43
"Mar 11, 2016",37.69
"Mar 18, 2016",38.32
"Mar 25, 2016",39.45
"Apr 01, 2016",36.82
"Apr 08, 2016",36.72
"Apr 15, 2016",41.23
"Apr 22, 2016",41.86
"Apr 29, 2016",44.3
"May 06, 2016",44.22
"May 13, 2016",45.44
"May 20, 2016",47.99
"May 27, 2016",48.72
"Jun 03, 2016",49
"Jun 10, 2016",50.18
"Jun 17, 2016",47.89
"Jun 24, 2016",48.71
"Jul 01, 2016",48.17
"Jul 08, 2016",46.17
"Jul 15, 2016",45.6
"Jul 22, 2016",44.44
"Jul 29, 2016",41.83
"Aug 05, 2016",40.82
"Aug 12, 2016",43.11
"Aug 19, 2016",47.16
"Aug 26, 2016",47.05
"Sep 02, 2016",45.11
"Sep 09, 2016",45.96
"Sep 16, 2016",44.34
"Sep 23, 2016",44.59
"Sep 30, 2016",46.55
"Oct 07, 2016",49.48
"Oct 14, 2016",50.29
"Oct 21, 2016",50.56
"Oct 28, 2016",49.36
"Nov 04, 2016",45.51
"Nov 11, 2016",44.61
"Nov 18, 2016",45.15
"Nov 25, 2016",47.25
"Dec 02, 2016",48.63
"Dec 09, 2016",50.97
"Dec 16, 2016",51.91
"Dec 23, 2016",51.95
"Dec 30, 2016",53.6
"Jan 06, 2017",53.34
"Jan 13, 2017",52.07
"Jan 20, 2017",51.82
"Jan 27, 2017",52.74
"Feb 03, 2017",53.33
"Feb 10, 2017",52.88
"Feb 17, 2017",53.22
"Feb 24, 2017",54.03
"Mar 03, 2017",53.56
"Mar 10, 2017",50.5
"Mar 17, 2017",48.03
"Mar 24, 2017",47.28
"Mar 31, 2017",49.14
"Apr 07, 2017",51.26
"Apr 14, 2017",53.19
"Apr 21, 2017",51.09
"Apr 28, 2017",49.12
"May 05, 2017",47.21
"May 12, 2017",47.04
"May 19, 2017",49.24
"May 26, 2017",50.21
"Jun 02, 2017",48.48
"Jun 09, 2017",46.57
"Jun 16, 2017",45.3
"Jun 23, 2017",43.09
"Jun 30, 2017",44.63
"Jul 07, 2017",44.96
"Jul 14, 2017",45.51
"Jul 21, 2017",46.41
"Jul 28, 2017",48.27
"Aug 04, 2017",49.52
"Aug 11, 2017",49.08
"Aug 18, 2017",47.52
"Aug 25, 2017",47.68
"Sep 01, 2017",46.68
"Sep 08, 2017",48.58
"Sep 15, 2017",49.07
"Sep 22, 2017",50.12
"Sep 29, 2017",51.77
"Oct 06, 2017",50.23
"Oct 13, 2017",50.77
"Oct 20, 2017",51.74
"Oct 27, 2017",52.51
"Nov 03, 2017",54.59
"Nov 10, 2017",57.05
"Nov 17, 2017",55.81
"Nov 24, 2017",57.47
"Dec 01, 2017",57.81
"Dec 08, 2017",56.92
"Dec 15, 2017",57.17
"Dec 22, 2017",57.87
"Dec 29, 2017",59.88
"Jan 05, 2018",61.36
"Jan 12, 2018",63.26
"Jan 19, 2018",63.77
"Jan 26, 2018",65.14
"Feb 02, 2018",65.32
"Feb 09, 2018",62.01
"Feb 16, 2018",60.56
"Feb 23, 2018",62.47
"Mar 02, 2018",62.07
"Mar 09, 2018",61.65
"Mar 16, 2018",61.28
"Mar 23, 2018",64.11
"Mar 30, 2018",64.97
"Apr 06, 2018",63.07
"Apr 13, 2018",66.02
"Apr 20, 2018",67.55
"Apr 27, 2018",67.91
"May 04, 2018",68.38
"May 11, 2018",70.56
"May 18, 2018",71.3
"May 25, 2018",70.98
"Jun 01, 2018",66.96
"Jun 08, 2018",65.35
"Jun 15, 2018",66.21
"Jun 22, 2018",66.32
"Jun 29, 2018",74.03
"Jul 06, 2018",73.73
"Jul 13, 2018",71.96
"Jul 20, 2018",68.95
"Jul 27, 2018",70.01
"Aug 03, 2018",69.46
"Aug 10, 2018",67.9
"Aug 17, 2018",66.15
"Aug 24, 2018",68.1
"Aug 31, 2018",69.66
"Sep 07, 2018",68.51
"Sep 14, 2018",68.96
"Sep 21, 2018",70.28
"Sep 28, 2018",72.84
"Oct 05, 2018",75.13
"Oct 12, 2018",72.96
"Oct 19, 2018",70.24
"Oct 26, 2018",67.43
"Nov 02, 2018",65.06
"Nov 09, 2018",61.57
"Nov 16, 2018",56.92
"Nov 23, 2018",54.99
"Nov 30, 2018",51.01
"Dec 07, 2018",52.63
"Dec 14, 2018",51.54
"Dec 21, 2018",46.98
"Dec 28, 2018",45.22
"Jan 04, 2019",47
"Jan 11, 2019",50.78
"Jan 18, 2019",51.92
"Jan 25, 2019",52.88
"Feb 01, 2019",53.63
"Feb 08, 2019",53.53
"Feb 15, 2019",53.88
"Feb 22, 2019",56.74
"Mar 01, 2019",56.12
"Mar 08, 2019",56.35
"Mar 15, 2019",57.81
"Mar 22, 2019",59.44
"Mar 29, 2019",59.49
"Apr 05, 2019",62.36
"Apr 12, 2019",64.1
"Apr 19, 2019",63.8
"Apr 26, 2019",65.28
"May 03, 2019",62.9
"May 10, 2019",61.81
"May 17, 2019",62.1
"May 24, 2019",60.72
"May 31, 2019",56.93
"Jun 07, 2019",52.97
"Jun 14, 2019",52.52
"Jun 21, 2019",54.75
"Jun 28, 2019",58.38
"Jul 05, 2019",57.32
"Jul 12, 2019",59.02
"Jul 19, 2019",56.74
"Jul 26, 2019",56.05
"Aug 02, 2019",56.55
"Aug 09, 2019",53.28
"Aug 16, 2019",55.31
"Aug 23, 2019",55.5
"Aug 30, 2019",55.21
"Sep 06, 2019",55.73
"Sep 13, 2019",56.16
"Sep 20, 2019",59.33
"Sep 27, 2019",56.9
"Oct 04, 2019",53.12
"Oct 11, 2019",53.27
"Oct 18, 2019",53.49
"Oct 25, 2019",55.2
"Nov 01, 2019",55.17
"Nov 08, 2019",56.69
"Nov 15, 2019",56.85
"Nov 22, 2019",56.9
"Nov 29, 2019",58.07
"Dec 06, 2019",57.64
"Dec 13, 2019",59.25
"Dec 20, 2019",60.75
"Dec 27, 2019",61.29
"Jan 03, 2020",62.09
"Jan 10, 2020",60.84
"Jan 17, 2020",58.29
"Jan 24, 2020",56.15
"Jan 31, 2020",52.7
"Feb 07, 2020",50.36
"Feb 14, 2020",50.83
"Feb 21, 2020",53.14
"Feb 28, 2020",48.36
"Mar 06, 2020",45.57
"Mar 13, 2020",32.39
"Mar 20, 2020",24.19
"Mar 27, 2020",19.44
"Apr 03, 2020",21.69
"Apr 10, 2020",24.41
"Apr 17, 2020",20.12
"Apr 24, 2020",3.32
"May 01, 2020",15.71
"May 08, 2020",23.46
"May 15, 2020",26.4
"May 22, 2020",33.1
"May 29, 2020",34.19
"Jun 05, 2020",37.32
"Jun 12, 2020",37.87
"Jun 19, 2020",38.35
"Jun 26, 2020",39.22
"Jul 03, 2020",39.85
"Jul 10, 2020",40.44
"Jul 17, 2020",40.57
"Jul 24, 2020",41.34
"Jul 31, 2020",40.69
"Aug 07, 2020",41.57
"Aug 14, 2020",42.08
"Aug 21, 2020",42.73
"Aug 28, 2020",42.93
"Sep 04, 2020",41.84
"Sep 11, 2020",37.38
"Sep 18, 2020",39.55
"Sep 25, 2020",39.78
"Oct 02, 2020",38.99
"Oct 09, 2020",40.19
"Oct 16, 2020",40.33
"Oct 23, 2020",40.43
"Oct 30, 2020",37.32
"Nov 06, 2020",37.71
"Nov 13, 2020",40.66
"Nov 20, 2020",41.52
"Nov 27, 2020",44.4
"Dec 04, 2020",45.37
"Dec 11, 2020",46.04
"Dec 18, 2020",47.97
"Dec 25, 2020",47.73
"Jan 01, 2021",47.98
"Jan 08, 2021",50.09
"Jan 15, 2021",52.75
"Jan 22, 2021",52.82
,
